mode,h1_start,h1_end,h2_start,h2_end,h3_start,h3_end,l1_start,l1_end,l2_start,l2_end,l3_start,l3_end,pdb_name,processed_path,raw_path,num_chains,quaternary_category,seq_len,modeled_seq_len,coil_percent,helix_percent,strand_percent,radius_gyration
ab,24,30,50,55,97,108,142,152,168,174,207,215,af3_sample_0,/home/psh/protein-frame-flow/pred_pkls/8c7m_C_D_B/af3_sample_0.pkl,/home/psh/protein-frame-flow/pred_samples/8c7m_C_D_B/af3_sample_0.pdb,3,heteromer,506,506,0.45849802371541504,0.05138339920948617,0.4901185770750988,3.24168446637824
ab,24,30,50,55,97,108,142,152,168,174,207,215,af3_sample_1,/home/psh/protein-frame-flow/pred_pkls/8c7m_C_D_B/af3_sample_1.pkl,/home/psh/protein-frame-flow/pred_samples/8c7m_C_D_B/af3_sample_1.pdb,3,heteromer,506,506,0.4644268774703557,0.05138339920948617,0.4841897233201581,2.8499134574131895
ab,24,30,50,55,97,108,142,152,168,174,207,215,af3_sample_10,/home/psh/protein-frame-flow/pred_pkls/8c7m_C_D_B/af3_sample_10.pkl,/home/psh/protein-frame-flow/pred_samples/8c7m_C_D_B/af3_sample_10.pdb,3,heteromer,506,506,0.4644268774703557,0.05138339920948617,0.4841897233201581,3.2082051727873244
ab,24,30,50,55,97,108,142,152,168,174,207,215,af3_sample_11,/home/psh/protein-frame-flow/pred_pkls/8c7m_C_D_B/af3_sample_11.pkl,/home/psh/protein-frame-flow/pred_samples/8c7m_C_D_B/af3_sample_11.pdb,3,heteromer,506,506,0.45454545454545453,0.05138339920948617,0.49407114624505927,3.071823997489372
ab,24,30,50,55,97,108,142,152,168,174,207,215,af3_sample_12,/home/psh/protein-frame-flow/pred_pkls/8c7m_C_D_B/af3_sample_12.pkl,/home/psh/protein-frame-flow/pred_samples/8c7m_C_D_B/af3_sample_12.pdb,3,heteromer,506,506,0.4644268774703557,0.05138339920948617,0.4841897233201581,3.0480547276965035
ab,24,30,50,55,97,108,142,152,168,174,207,215,af3_sample_13,/home/psh/protein-frame-flow/pred_pkls/8c7m_C_D_B/af3_sample_13.pkl,/home/psh/protein-frame-flow/pred_samples/8c7m_C_D_B/af3_sample_13.pdb,3,heteromer,506,506,0.45454545454545453,0.05138339920948617,0.49407114624505927,3.20721379072883
ab,24,30,50,55,97,108,142,152,168,174,207,215,af3_sample_14,/home/psh/protein-frame-flow/pred_pkls/8c7m_C_D_B/af3_sample_14.pkl,/home/psh/protein-frame-flow/pred_samples/8c7m_C_D_B/af3_sample_14.pdb,3,heteromer,506,506,0.45849802371541504,0.05138339920948617,0.4901185770750988,3.1908171383222905
ab,24,30,50,55,97,108,142,152,168,174,207,215,af3_sample_15,/home/psh/protein-frame-flow/pred_pkls/8c7m_C_D_B/af3_sample_15.pkl,/home/psh/protein-frame-flow/pred_samples/8c7m_C_D_B/af3_sample_15.pdb,3,heteromer,506,506,0.4683794466403162,0.05138339920948617,0.48023715415019763,3.062504618283551
ab,24,30,50,55,97,108,142,152,168,174,207,215,af3_sample_16,/home/psh/protein-frame-flow/pred_pkls/8c7m_C_D_B/af3_sample_16.pkl,/home/psh/protein-frame-flow/pred_samples/8c7m_C_D_B/af3_sample_16.pdb,3,heteromer,506,506,0.46047430830039526,0.05138339920948617,0.4881422924901186,3.213380034286971
ab,24,30,50,55,97,108,142,152,168,174,207,215,af3_sample_17,/home/psh/protein-frame-flow/pred_pkls/8c7m_C_D_B/af3_sample_17.pkl,/home/psh/protein-frame-flow/pred_samples/8c7m_C_D_B/af3_sample_17.pdb,3,heteromer,506,506,0.47035573122529645,0.05138339920948617,0.4782608695652174,3.0282879174819453
ab,24,30,50,55,97,108,142,152,168,174,207,215,af3_sample_18,/home/psh/protein-frame-flow/pred_pkls/8c7m_C_D_B/af3_sample_18.pkl,/home/psh/protein-frame-flow/pred_samples/8c7m_C_D_B/af3_sample_18.pdb,3,heteromer,506,506,0.46047430830039526,0.05138339920948617,0.4881422924901186,3.069371089709921
ab,24,30,50,55,97,108,142,152,168,174,207,215,af3_sample_19,/home/psh/protein-frame-flow/pred_pkls/8c7m_C_D_B/af3_sample_19.pkl,/home/psh/protein-frame-flow/pred_samples/8c7m_C_D_B/af3_sample_19.pdb,3,heteromer,506,506,0.45849802371541504,0.05138339920948617,0.4901185770750988,3.225807700772769
ab,24,30,50,55,97,108,142,152,168,174,207,215,af3_sample_2,/home/psh/protein-frame-flow/pred_pkls/8c7m_C_D_B/af3_sample_2.pkl,/home/psh/protein-frame-flow/pred_samples/8c7m_C_D_B/af3_sample_2.pdb,3,heteromer,506,506,0.45849802371541504,0.05138339920948617,0.4901185770750988,3.228346045575386
ab,24,30,50,55,97,108,142,152,168,174,207,215,af3_sample_20,/home/psh/protein-frame-flow/pred_pkls/8c7m_C_D_B/af3_sample_20.pkl,/home/psh/protein-frame-flow/pred_samples/8c7m_C_D_B/af3_sample_20.pdb,3,heteromer,506,506,0.45454545454545453,0.05138339920948617,0.49407114624505927,3.262409708283257
ab,24,30,50,55,97,108,142,152,168,174,207,215,af3_sample_21,/home/psh/protein-frame-flow/pred_pkls/8c7m_C_D_B/af3_sample_21.pkl,/home/psh/protein-frame-flow/pred_samples/8c7m_C_D_B/af3_sample_21.pdb,3,heteromer,506,506,0.46047430830039526,0.05138339920948617,0.4881422924901186,3.024180048727635
ab,24,30,50,55,97,108,142,152,168,174,207,215,af3_sample_22,/home/psh/protein-frame-flow/pred_pkls/8c7m_C_D_B/af3_sample_22.pkl,/home/psh/protein-frame-flow/pred_samples/8c7m_C_D_B/af3_sample_22.pdb,3,heteromer,506,506,0.4525691699604743,0.05138339920948617,0.49604743083003955,3.223887699501399
ab,24,30,50,55,97,108,142,152,168,174,207,215,af3_sample_23,/home/psh/protein-frame-flow/pred_pkls/8c7m_C_D_B/af3_sample_23.pkl,/home/psh/protein-frame-flow/pred_samples/8c7m_C_D_B/af3_sample_23.pdb,3,heteromer,506,506,0.45454545454545453,0.05138339920948617,0.49407114624505927,3.218252667140907
ab,24,30,50,55,97,108,142,152,168,174,207,215,af3_sample_24,/home/psh/protein-frame-flow/pred_pkls/8c7m_C_D_B/af3_sample_24.pkl,/home/psh/protein-frame-flow/pred_samples/8c7m_C_D_B/af3_sample_24.pdb,3,heteromer,506,506,0.4644268774703557,0.05138339920948617,0.4841897233201581,3.2099852885533644
ab,24,30,50,55,97,108,142,152,168,174,207,215,af3_sample_25,/home/psh/protein-frame-flow/pred_pkls/8c7m_C_D_B/af3_sample_25.pkl,/home/psh/protein-frame-flow/pred_samples/8c7m_C_D_B/af3_sample_25.pdb,3,heteromer,506,506,0.45849802371541504,0.05138339920948617,0.4901185770750988,3.1978167422849597
ab,24,30,50,55,97,108,142,152,168,174,207,215,af3_sample_26,/home/psh/protein-frame-flow/pred_pkls/8c7m_C_D_B/af3_sample_26.pkl,/home/psh/protein-frame-flow/pred_samples/8c7m_C_D_B/af3_sample_26.pdb,3,heteromer,506,506,0.45454545454545453,0.05138339920948617,0.49407114624505927,3.2099247506304427
ab,24,30,50,55,97,108,142,152,168,174,207,215,af3_sample_27,/home/psh/protein-frame-flow/pred_pkls/8c7m_C_D_B/af3_sample_27.pkl,/home/psh/protein-frame-flow/pred_samples/8c7m_C_D_B/af3_sample_27.pdb,3,heteromer,506,506,0.45454545454545453,0.05138339920948617,0.49407114624505927,3.2158617463244603
ab,24,30,50,55,97,108,142,152,168,174,207,215,af3_sample_28,/home/psh/protein-frame-flow/pred_pkls/8c7m_C_D_B/af3_sample_28.pkl,/home/psh/protein-frame-flow/pred_samples/8c7m_C_D_B/af3_sample_28.pdb,3,heteromer,506,506,0.4644268774703557,0.05138339920948617,0.4841897233201581,3.033720649033647
ab,24,30,50,55,97,108,142,152,168,174,207,215,af3_sample_29,/home/psh/protein-frame-flow/pred_pkls/8c7m_C_D_B/af3_sample_29.pkl,/home/psh/protein-frame-flow/pred_samples/8c7m_C_D_B/af3_sample_29.pdb,3,heteromer,506,506,0.4644268774703557,0.05138339920948617,0.4841897233201581,3.1853746133353966
ab,24,30,50,55,97,108,142,152,168,174,207,215,af3_sample_3,/home/psh/protein-frame-flow/pred_pkls/8c7m_C_D_B/af3_sample_3.pkl,/home/psh/protein-frame-flow/pred_samples/8c7m_C_D_B/af3_sample_3.pdb,3,heteromer,506,506,0.4624505928853755,0.05138339920948617,0.48616600790513836,3.1763875134648076
ab,24,30,50,55,97,108,142,152,168,174,207,215,af3_sample_30,/home/psh/protein-frame-flow/pred_pkls/8c7m_C_D_B/af3_sample_30.pkl,/home/psh/protein-frame-flow/pred_samples/8c7m_C_D_B/af3_sample_30.pdb,3,heteromer,506,506,0.45849802371541504,0.05138339920948617,0.4901185770750988,3.187365005489919
ab,24,30,50,55,97,108,142,152,168,174,207,215,af3_sample_31,/home/psh/protein-frame-flow/pred_pkls/8c7m_C_D_B/af3_sample_31.pkl,/home/psh/protein-frame-flow/pred_samples/8c7m_C_D_B/af3_sample_31.pdb,3,heteromer,506,506,0.4644268774703557,0.05138339920948617,0.4841897233201581,3.2304031084815685
ab,24,30,50,55,97,108,142,152,168,174,207,215,af3_sample_32,/home/psh/protein-frame-flow/pred_pkls/8c7m_C_D_B/af3_sample_32.pkl,/home/psh/protein-frame-flow/pred_samples/8c7m_C_D_B/af3_sample_32.pdb,3,heteromer,506,506,0.46047430830039526,0.05138339920948617,0.4881422924901186,3.1961978605454338
ab,24,30,50,55,97,108,142,152,168,174,207,215,af3_sample_33,/home/psh/protein-frame-flow/pred_pkls/8c7m_C_D_B/af3_sample_33.pkl,/home/psh/protein-frame-flow/pred_samples/8c7m_C_D_B/af3_sample_33.pdb,3,heteromer,506,506,0.45849802371541504,0.05138339920948617,0.4901185770750988,3.191562439118625
ab,24,30,50,55,97,108,142,152,168,174,207,215,af3_sample_34,/home/psh/protein-frame-flow/pred_pkls/8c7m_C_D_B/af3_sample_34.pkl,/home/psh/protein-frame-flow/pred_samples/8c7m_C_D_B/af3_sample_34.pdb,3,heteromer,506,506,0.4624505928853755,0.05138339920948617,0.48616600790513836,3.0252646941267924
ab,24,30,50,55,97,108,142,152,168,174,207,215,af3_sample_35,/home/psh/protein-frame-flow/pred_pkls/8c7m_C_D_B/af3_sample_35.pkl,/home/psh/protein-frame-flow/pred_samples/8c7m_C_D_B/af3_sample_35.pdb,3,heteromer,506,506,0.466403162055336,0.05138339920948617,0.48221343873517786,3.2123433840704654
ab,24,30,50,55,97,108,142,152,168,174,207,215,af3_sample_36,/home/psh/protein-frame-flow/pred_pkls/8c7m_C_D_B/af3_sample_36.pkl,/home/psh/protein-frame-flow/pred_samples/8c7m_C_D_B/af3_sample_36.pdb,3,heteromer,506,506,0.45849802371541504,0.05138339920948617,0.4901185770750988,3.233521794452685
ab,24,30,50,55,97,108,142,152,168,174,207,215,af3_sample_37,/home/psh/protein-frame-flow/pred_pkls/8c7m_C_D_B/af3_sample_37.pkl,/home/psh/protein-frame-flow/pred_samples/8c7m_C_D_B/af3_sample_37.pdb,3,heteromer,506,506,0.466403162055336,0.05138339920948617,0.48221343873517786,3.2311537658873393
ab,24,30,50,55,97,108,142,152,168,174,207,215,af3_sample_38,/home/psh/protein-frame-flow/pred_pkls/8c7m_C_D_B/af3_sample_38.pkl,/home/psh/protein-frame-flow/pred_samples/8c7m_C_D_B/af3_sample_38.pdb,3,heteromer,506,506,0.45454545454545453,0.05138339920948617,0.49407114624505927,3.241920605693702
ab,24,30,50,55,97,108,142,152,168,174,207,215,af3_sample_39,/home/psh/protein-frame-flow/pred_pkls/8c7m_C_D_B/af3_sample_39.pkl,/home/psh/protein-frame-flow/pred_samples/8c7m_C_D_B/af3_sample_39.pdb,3,heteromer,506,506,0.45849802371541504,0.05138339920948617,0.4901185770750988,3.191376393814079
ab,24,30,50,55,97,108,142,152,168,174,207,215,af3_sample_4,/home/psh/protein-frame-flow/pred_pkls/8c7m_C_D_B/af3_sample_4.pkl,/home/psh/protein-frame-flow/pred_samples/8c7m_C_D_B/af3_sample_4.pdb,3,heteromer,506,506,0.4644268774703557,0.05138339920948617,0.4841897233201581,3.1917366147402855
ab,24,30,50,55,97,108,142,152,168,174,207,215,af3_sample_40,/home/psh/protein-frame-flow/pred_pkls/8c7m_C_D_B/af3_sample_40.pkl,/home/psh/protein-frame-flow/pred_samples/8c7m_C_D_B/af3_sample_40.pdb,3,heteromer,506,506,0.46047430830039526,0.05138339920948617,0.4881422924901186,3.1535512314572527
ab,24,30,50,55,97,108,142,152,168,174,207,215,af3_sample_41,/home/psh/protein-frame-flow/pred_pkls/8c7m_C_D_B/af3_sample_41.pkl,/home/psh/protein-frame-flow/pred_samples/8c7m_C_D_B/af3_sample_41.pdb,3,heteromer,506,506,0.45652173913043476,0.05138339920948617,0.49209486166007904,3.211895514134562
ab,24,30,50,55,97,108,142,152,168,174,207,215,af3_sample_42,/home/psh/protein-frame-flow/pred_pkls/8c7m_C_D_B/af3_sample_42.pkl,/home/psh/protein-frame-flow/pred_samples/8c7m_C_D_B/af3_sample_42.pdb,3,heteromer,506,506,0.46047430830039526,0.05138339920948617,0.4881422924901186,3.191187780218932
ab,24,30,50,55,97,108,142,152,168,174,207,215,af3_sample_43,/home/psh/protein-frame-flow/pred_pkls/8c7m_C_D_B/af3_sample_43.pkl,/home/psh/protein-frame-flow/pred_samples/8c7m_C_D_B/af3_sample_43.pdb,3,heteromer,506,506,0.45849802371541504,0.05138339920948617,0.4901185770750988,3.0511396124696253
ab,24,30,50,55,97,108,142,152,168,174,207,215,af3_sample_44,/home/psh/protein-frame-flow/pred_pkls/8c7m_C_D_B/af3_sample_44.pkl,/home/psh/protein-frame-flow/pred_samples/8c7m_C_D_B/af3_sample_44.pdb,3,heteromer,506,506,0.4525691699604743,0.05138339920948617,0.49604743083003955,3.213980478663815
ab,24,30,50,55,97,108,142,152,168,174,207,215,af3_sample_45,/home/psh/protein-frame-flow/pred_pkls/8c7m_C_D_B/af3_sample_45.pkl,/home/psh/protein-frame-flow/pred_samples/8c7m_C_D_B/af3_sample_45.pdb,3,heteromer,506,506,0.4525691699604743,0.05138339920948617,0.49604743083003955,3.1851993076812026
ab,24,30,50,55,97,108,142,152,168,174,207,215,af3_sample_46,/home/psh/protein-frame-flow/pred_pkls/8c7m_C_D_B/af3_sample_46.pkl,/home/psh/protein-frame-flow/pred_samples/8c7m_C_D_B/af3_sample_46.pdb,3,heteromer,506,506,0.4624505928853755,0.05138339920948617,0.48616600790513836,3.2121938494913422
ab,24,30,50,55,97,108,142,152,168,174,207,215,af3_sample_47,/home/psh/protein-frame-flow/pred_pkls/8c7m_C_D_B/af3_sample_47.pkl,/home/psh/protein-frame-flow/pred_samples/8c7m_C_D_B/af3_sample_47.pdb,3,heteromer,506,506,0.4525691699604743,0.05138339920948617,0.49604743083003955,3.146288091738706
ab,24,30,50,55,97,108,142,152,168,174,207,215,af3_sample_48,/home/psh/protein-frame-flow/pred_pkls/8c7m_C_D_B/af3_sample_48.pkl,/home/psh/protein-frame-flow/pred_samples/8c7m_C_D_B/af3_sample_48.pdb,3,heteromer,506,506,0.45849802371541504,0.05138339920948617,0.4901185770750988,3.20918370975725
ab,24,30,50,55,97,108,142,152,168,174,207,215,af3_sample_49,/home/psh/protein-frame-flow/pred_pkls/8c7m_C_D_B/af3_sample_49.pkl,/home/psh/protein-frame-flow/pred_samples/8c7m_C_D_B/af3_sample_49.pdb,3,heteromer,506,506,0.45849802371541504,0.05138339920948617,0.4901185770750988,3.250370556265774
ab,24,30,50,55,97,108,142,152,168,174,207,215,af3_sample_5,/home/psh/protein-frame-flow/pred_pkls/8c7m_C_D_B/af3_sample_5.pkl,/home/psh/protein-frame-flow/pred_samples/8c7m_C_D_B/af3_sample_5.pdb,3,heteromer,506,506,0.4683794466403162,0.05138339920948617,0.48023715415019763,3.2524473693161946
ab,24,30,50,55,97,108,142,152,168,174,207,215,af3_sample_50,/home/psh/protein-frame-flow/pred_pkls/8c7m_C_D_B/af3_sample_50.pkl,/home/psh/protein-frame-flow/pred_samples/8c7m_C_D_B/af3_sample_50.pdb,3,heteromer,506,506,0.45454545454545453,0.05138339920948617,0.49407114624505927,3.197561830075328
ab,24,30,50,55,97,108,142,152,168,174,207,215,af3_sample_51,/home/psh/protein-frame-flow/pred_pkls/8c7m_C_D_B/af3_sample_51.pkl,/home/psh/protein-frame-flow/pred_samples/8c7m_C_D_B/af3_sample_51.pdb,3,heteromer,506,506,0.4525691699604743,0.05138339920948617,0.49604743083003955,3.0967510822668576
ab,24,30,50,55,97,108,142,152,168,174,207,215,af3_sample_52,/home/psh/protein-frame-flow/pred_pkls/8c7m_C_D_B/af3_sample_52.pkl,/home/psh/protein-frame-flow/pred_samples/8c7m_C_D_B/af3_sample_52.pdb,3,heteromer,506,506,0.466403162055336,0.05138339920948617,0.48221343873517786,3.1923285744919054
ab,24,30,50,55,97,108,142,152,168,174,207,215,af3_sample_53,/home/psh/protein-frame-flow/pred_pkls/8c7m_C_D_B/af3_sample_53.pkl,/home/psh/protein-frame-flow/pred_samples/8c7m_C_D_B/af3_sample_53.pdb,3,heteromer,506,506,0.47035573122529645,0.05138339920948617,0.4782608695652174,3.2180039966055003
ab,24,30,50,55,97,108,142,152,168,174,207,215,af3_sample_54,/home/psh/protein-frame-flow/pred_pkls/8c7m_C_D_B/af3_sample_54.pkl,/home/psh/protein-frame-flow/pred_samples/8c7m_C_D_B/af3_sample_54.pdb,3,heteromer,506,506,0.45849802371541504,0.05138339920948617,0.4901185770750988,3.2007872423140844
ab,24,30,50,55,97,108,142,152,168,174,207,215,af3_sample_55,/home/psh/protein-frame-flow/pred_pkls/8c7m_C_D_B/af3_sample_55.pkl,/home/psh/protein-frame-flow/pred_samples/8c7m_C_D_B/af3_sample_55.pdb,3,heteromer,506,506,0.4624505928853755,0.05138339920948617,0.48616600790513836,3.1728181792761285
ab,24,30,50,55,97,108,142,152,168,174,207,215,af3_sample_56,/home/psh/protein-frame-flow/pred_pkls/8c7m_C_D_B/af3_sample_56.pkl,/home/psh/protein-frame-flow/pred_samples/8c7m_C_D_B/af3_sample_56.pdb,3,heteromer,506,506,0.4644268774703557,0.05138339920948617,0.4841897233201581,3.2269446552404064
ab,24,30,50,55,97,108,142,152,168,174,207,215,af3_sample_57,/home/psh/protein-frame-flow/pred_pkls/8c7m_C_D_B/af3_sample_57.pkl,/home/psh/protein-frame-flow/pred_samples/8c7m_C_D_B/af3_sample_57.pdb,3,heteromer,506,506,0.45454545454545453,0.05138339920948617,0.49407114624505927,3.2032576530082997
ab,24,30,50,55,97,108,142,152,168,174,207,215,af3_sample_58,/home/psh/protein-frame-flow/pred_pkls/8c7m_C_D_B/af3_sample_58.pkl,/home/psh/protein-frame-flow/pred_samples/8c7m_C_D_B/af3_sample_58.pdb,3,heteromer,506,506,0.46047430830039526,0.05138339920948617,0.4881422924901186,3.2457540502163615
ab,24,30,50,55,97,108,142,152,168,174,207,215,af3_sample_59,/home/psh/protein-frame-flow/pred_pkls/8c7m_C_D_B/af3_sample_59.pkl,/home/psh/protein-frame-flow/pred_samples/8c7m_C_D_B/af3_sample_59.pdb,3,heteromer,506,506,0.4683794466403162,0.05138339920948617,0.48023715415019763,3.2206653032204424
ab,24,30,50,55,97,108,142,152,168,174,207,215,af3_sample_6,/home/psh/protein-frame-flow/pred_pkls/8c7m_C_D_B/af3_sample_6.pkl,/home/psh/protein-frame-flow/pred_samples/8c7m_C_D_B/af3_sample_6.pdb,3,heteromer,506,506,0.45849802371541504,0.05138339920948617,0.4901185770750988,3.0197339163156074
ab,24,30,50,55,97,108,142,152,168,174,207,215,af3_sample_60,/home/psh/protein-frame-flow/pred_pkls/8c7m_C_D_B/af3_sample_60.pkl,/home/psh/protein-frame-flow/pred_samples/8c7m_C_D_B/af3_sample_60.pdb,3,heteromer,506,506,0.45849802371541504,0.05138339920948617,0.4901185770750988,3.0155084164631463
ab,24,30,50,55,97,108,142,152,168,174,207,215,af3_sample_61,/home/psh/protein-frame-flow/pred_pkls/8c7m_C_D_B/af3_sample_61.pkl,/home/psh/protein-frame-flow/pred_samples/8c7m_C_D_B/af3_sample_61.pdb,3,heteromer,506,506,0.4505928853754941,0.05138339920948617,0.4980237154150198,3.013968048752039
ab,24,30,50,55,97,108,142,152,168,174,207,215,af3_sample_62,/home/psh/protein-frame-flow/pred_pkls/8c7m_C_D_B/af3_sample_62.pkl,/home/psh/protein-frame-flow/pred_samples/8c7m_C_D_B/af3_sample_62.pdb,3,heteromer,506,506,0.4525691699604743,0.05138339920948617,0.49604743083003955,3.245271747709733
ab,24,30,50,55,97,108,142,152,168,174,207,215,af3_sample_63,/home/psh/protein-frame-flow/pred_pkls/8c7m_C_D_B/af3_sample_63.pkl,/home/psh/protein-frame-flow/pred_samples/8c7m_C_D_B/af3_sample_63.pdb,3,heteromer,506,506,0.45849802371541504,0.05138339920948617,0.4901185770750988,3.024937192133812
ab,24,30,50,55,97,108,142,152,168,174,207,215,af3_sample_64,/home/psh/protein-frame-flow/pred_pkls/8c7m_C_D_B/af3_sample_64.pkl,/home/psh/protein-frame-flow/pred_samples/8c7m_C_D_B/af3_sample_64.pdb,3,heteromer,506,506,0.4644268774703557,0.05138339920948617,0.4841897233201581,3.2015777411130646
ab,24,30,50,55,97,108,142,152,168,174,207,215,af3_sample_65,/home/psh/protein-frame-flow/pred_pkls/8c7m_C_D_B/af3_sample_65.pkl,/home/psh/protein-frame-flow/pred_samples/8c7m_C_D_B/af3_sample_65.pdb,3,heteromer,506,506,0.4624505928853755,0.05138339920948617,0.48616600790513836,3.2303232542410085
ab,24,30,50,55,97,108,142,152,168,174,207,215,af3_sample_66,/home/psh/protein-frame-flow/pred_pkls/8c7m_C_D_B/af3_sample_66.pkl,/home/psh/protein-frame-flow/pred_samples/8c7m_C_D_B/af3_sample_66.pdb,3,heteromer,506,506,0.45454545454545453,0.05138339920948617,0.49407114624505927,3.216006358436684
ab,24,30,50,55,97,108,142,152,168,174,207,215,af3_sample_67,/home/psh/protein-frame-flow/pred_pkls/8c7m_C_D_B/af3_sample_67.pkl,/home/psh/protein-frame-flow/pred_samples/8c7m_C_D_B/af3_sample_67.pdb,3,heteromer,506,506,0.46047430830039526,0.05138339920948617,0.4881422924901186,3.053245980647837
ab,24,30,50,55,97,108,142,152,168,174,207,215,af3_sample_68,/home/psh/protein-frame-flow/pred_pkls/8c7m_C_D_B/af3_sample_68.pkl,/home/psh/protein-frame-flow/pred_samples/8c7m_C_D_B/af3_sample_68.pdb,3,heteromer,506,506,0.45454545454545453,0.05138339920948617,0.49407114624505927,3.186368451545894
ab,24,30,50,55,97,108,142,152,168,174,207,215,af3_sample_69,/home/psh/protein-frame-flow/pred_pkls/8c7m_C_D_B/af3_sample_69.pkl,/home/psh/protein-frame-flow/pred_samples/8c7m_C_D_B/af3_sample_69.pdb,3,heteromer,506,506,0.4743083003952569,0.05138339920948617,0.4743083003952569,3.1205477322801807
ab,24,30,50,55,97,108,142,152,168,174,207,215,af3_sample_7,/home/psh/protein-frame-flow/pred_pkls/8c7m_C_D_B/af3_sample_7.pkl,/home/psh/protein-frame-flow/pred_samples/8c7m_C_D_B/af3_sample_7.pdb,3,heteromer,506,506,0.4644268774703557,0.05138339920948617,0.4841897233201581,3.0037050177040063
ab,24,30,50,55,97,108,142,152,168,174,207,215,af3_sample_70,/home/psh/protein-frame-flow/pred_pkls/8c7m_C_D_B/af3_sample_70.pkl,/home/psh/protein-frame-flow/pred_samples/8c7m_C_D_B/af3_sample_70.pdb,3,heteromer,506,506,0.45849802371541504,0.05138339920948617,0.4901185770750988,3.0690104056148106
ab,24,30,50,55,97,108,142,152,168,174,207,215,af3_sample_71,/home/psh/protein-frame-flow/pred_pkls/8c7m_C_D_B/af3_sample_71.pkl,/home/psh/protein-frame-flow/pred_samples/8c7m_C_D_B/af3_sample_71.pdb,3,heteromer,506,506,0.4644268774703557,0.045454545454545456,0.4901185770750988,3.1962502601707103
ab,24,30,50,55,97,108,142,152,168,174,207,215,af3_sample_72,/home/psh/protein-frame-flow/pred_pkls/8c7m_C_D_B/af3_sample_72.pkl,/home/psh/protein-frame-flow/pred_samples/8c7m_C_D_B/af3_sample_72.pdb,3,heteromer,506,506,0.4644268774703557,0.05138339920948617,0.4841897233201581,3.1923163492225215
ab,24,30,50,55,97,108,142,152,168,174,207,215,af3_sample_73,/home/psh/protein-frame-flow/pred_pkls/8c7m_C_D_B/af3_sample_73.pkl,/home/psh/protein-frame-flow/pred_samples/8c7m_C_D_B/af3_sample_73.pdb,3,heteromer,506,506,0.466403162055336,0.05138339920948617,0.48221343873517786,3.1780704787812972
ab,24,30,50,55,97,108,142,152,168,174,207,215,af3_sample_74,/home/psh/protein-frame-flow/pred_pkls/8c7m_C_D_B/af3_sample_74.pkl,/home/psh/protein-frame-flow/pred_samples/8c7m_C_D_B/af3_sample_74.pdb,3,heteromer,506,506,0.47035573122529645,0.05138339920948617,0.4782608695652174,3.210953088607877
ab,24,30,50,55,97,108,142,152,168,174,207,215,af3_sample_75,/home/psh/protein-frame-flow/pred_pkls/8c7m_C_D_B/af3_sample_75.pkl,/home/psh/protein-frame-flow/pred_samples/8c7m_C_D_B/af3_sample_75.pdb,3,heteromer,506,506,0.45849802371541504,0.05138339920948617,0.4901185770750988,3.225063999146958
ab,24,30,50,55,97,108,142,152,168,174,207,215,af3_sample_76,/home/psh/protein-frame-flow/pred_pkls/8c7m_C_D_B/af3_sample_76.pkl,/home/psh/protein-frame-flow/pred_samples/8c7m_C_D_B/af3_sample_76.pdb,3,heteromer,506,506,0.466403162055336,0.05138339920948617,0.48221343873517786,3.206961864141515
ab,24,30,50,55,97,108,142,152,168,174,207,215,af3_sample_77,/home/psh/protein-frame-flow/pred_pkls/8c7m_C_D_B/af3_sample_77.pkl,/home/psh/protein-frame-flow/pred_samples/8c7m_C_D_B/af3_sample_77.pdb,3,heteromer,506,506,0.47035573122529645,0.05138339920948617,0.4782608695652174,3.1965685296998014
ab,24,30,50,55,97,108,142,152,168,174,207,215,af3_sample_78,/home/psh/protein-frame-flow/pred_pkls/8c7m_C_D_B/af3_sample_78.pkl,/home/psh/protein-frame-flow/pred_samples/8c7m_C_D_B/af3_sample_78.pdb,3,heteromer,506,506,0.4683794466403162,0.05138339920948617,0.48023715415019763,3.1935914247950534
ab,24,30,50,55,97,108,142,152,168,174,207,215,af3_sample_79,/home/psh/protein-frame-flow/pred_pkls/8c7m_C_D_B/af3_sample_79.pkl,/home/psh/protein-frame-flow/pred_samples/8c7m_C_D_B/af3_sample_79.pdb,3,heteromer,506,506,0.4644268774703557,0.05138339920948617,0.4841897233201581,3.199064739445683
ab,24,30,50,55,97,108,142,152,168,174,207,215,af3_sample_8,/home/psh/protein-frame-flow/pred_pkls/8c7m_C_D_B/af3_sample_8.pkl,/home/psh/protein-frame-flow/pred_samples/8c7m_C_D_B/af3_sample_8.pdb,3,heteromer,506,506,0.466403162055336,0.05138339920948617,0.48221343873517786,3.1874946675265745
ab,24,30,50,55,97,108,142,152,168,174,207,215,af3_sample_80,/home/psh/protein-frame-flow/pred_pkls/8c7m_C_D_B/af3_sample_80.pkl,/home/psh/protein-frame-flow/pred_samples/8c7m_C_D_B/af3_sample_80.pdb,3,heteromer,506,506,0.4624505928853755,0.05138339920948617,0.48616600790513836,3.2233799423700704
ab,24,30,50,55,97,108,142,152,168,174,207,215,af3_sample_81,/home/psh/protein-frame-flow/pred_pkls/8c7m_C_D_B/af3_sample_81.pkl,/home/psh/protein-frame-flow/pred_samples/8c7m_C_D_B/af3_sample_81.pdb,3,heteromer,506,506,0.4525691699604743,0.05138339920948617,0.49604743083003955,3.2016578551336385
ab,24,30,50,55,97,108,142,152,168,174,207,215,af3_sample_82,/home/psh/protein-frame-flow/pred_pkls/8c7m_C_D_B/af3_sample_82.pkl,/home/psh/protein-frame-flow/pred_samples/8c7m_C_D_B/af3_sample_82.pdb,3,heteromer,506,506,0.4525691699604743,0.05138339920948617,0.49604743083003955,3.220993130501611
ab,24,30,50,55,97,108,142,152,168,174,207,215,af3_sample_83,/home/psh/protein-frame-flow/pred_pkls/8c7m_C_D_B/af3_sample_83.pkl,/home/psh/protein-frame-flow/pred_samples/8c7m_C_D_B/af3_sample_83.pdb,3,heteromer,506,506,0.45849802371541504,0.05138339920948617,0.4901185770750988,3.230040044848524
ab,24,30,50,55,97,108,142,152,168,174,207,215,af3_sample_84,/home/psh/protein-frame-flow/pred_pkls/8c7m_C_D_B/af3_sample_84.pkl,/home/psh/protein-frame-flow/pred_samples/8c7m_C_D_B/af3_sample_84.pdb,3,heteromer,506,506,0.45454545454545453,0.05138339920948617,0.49407114624505927,3.18691931031845
ab,24,30,50,55,97,108,142,152,168,174,207,215,af3_sample_85,/home/psh/protein-frame-flow/pred_pkls/8c7m_C_D_B/af3_sample_85.pkl,/home/psh/protein-frame-flow/pred_samples/8c7m_C_D_B/af3_sample_85.pdb,3,heteromer,506,506,0.466403162055336,0.05138339920948617,0.48221343873517786,3.007408224716104
ab,24,30,50,55,97,108,142,152,168,174,207,215,af3_sample_86,/home/psh/protein-frame-flow/pred_pkls/8c7m_C_D_B/af3_sample_86.pkl,/home/psh/protein-frame-flow/pred_samples/8c7m_C_D_B/af3_sample_86.pdb,3,heteromer,506,506,0.46047430830039526,0.05138339920948617,0.4881422924901186,3.2291666726672044
ab,24,30,50,55,97,108,142,152,168,174,207,215,af3_sample_87,/home/psh/protein-frame-flow/pred_pkls/8c7m_C_D_B/af3_sample_87.pkl,/home/psh/protein-frame-flow/pred_samples/8c7m_C_D_B/af3_sample_87.pdb,3,heteromer,506,506,0.47035573122529645,0.05138339920948617,0.4782608695652174,3.0634191323905635
ab,24,30,50,55,97,108,142,152,168,174,207,215,af3_sample_88,/home/psh/protein-frame-flow/pred_pkls/8c7m_C_D_B/af3_sample_88.pkl,/home/psh/protein-frame-flow/pred_samples/8c7m_C_D_B/af3_sample_88.pdb,3,heteromer,506,506,0.45652173913043476,0.05138339920948617,0.49209486166007904,3.2027669077658683
ab,24,30,50,55,97,108,142,152,168,174,207,215,af3_sample_89,/home/psh/protein-frame-flow/pred_pkls/8c7m_C_D_B/af3_sample_89.pkl,/home/psh/protein-frame-flow/pred_samples/8c7m_C_D_B/af3_sample_89.pdb,3,heteromer,506,506,0.4525691699604743,0.05138339920948617,0.49604743083003955,3.1965734800693566
ab,24,30,50,55,97,108,142,152,168,174,207,215,af3_sample_9,/home/psh/protein-frame-flow/pred_pkls/8c7m_C_D_B/af3_sample_9.pkl,/home/psh/protein-frame-flow/pred_samples/8c7m_C_D_B/af3_sample_9.pdb,3,heteromer,506,506,0.4624505928853755,0.05138339920948617,0.48616600790513836,3.240454750383215
ab,24,30,50,55,97,108,142,152,168,174,207,215,af3_sample_90,/home/psh/protein-frame-flow/pred_pkls/8c7m_C_D_B/af3_sample_90.pkl,/home/psh/protein-frame-flow/pred_samples/8c7m_C_D_B/af3_sample_90.pdb,3,heteromer,506,506,0.45849802371541504,0.05138339920948617,0.4901185770750988,3.2158638307576117
ab,24,30,50,55,97,108,142,152,168,174,207,215,af3_sample_91,/home/psh/protein-frame-flow/pred_pkls/8c7m_C_D_B/af3_sample_91.pkl,/home/psh/protein-frame-flow/pred_samples/8c7m_C_D_B/af3_sample_91.pdb,3,heteromer,506,506,0.4624505928853755,0.05138339920948617,0.48616600790513836,3.1961920118191247
ab,24,30,50,55,97,108,142,152,168,174,207,215,af3_sample_92,/home/psh/protein-frame-flow/pred_pkls/8c7m_C_D_B/af3_sample_92.pkl,/home/psh/protein-frame-flow/pred_samples/8c7m_C_D_B/af3_sample_92.pdb,3,heteromer,506,506,0.46047430830039526,0.05138339920948617,0.4881422924901186,3.2194307046271167
ab,24,30,50,55,97,108,142,152,168,174,207,215,af3_sample_93,/home/psh/protein-frame-flow/pred_pkls/8c7m_C_D_B/af3_sample_93.pkl,/home/psh/protein-frame-flow/pred_samples/8c7m_C_D_B/af3_sample_93.pdb,3,heteromer,506,506,0.46047430830039526,0.05138339920948617,0.4881422924901186,3.234977295561857
ab,24,30,50,55,97,108,142,152,168,174,207,215,af3_sample_94,/home/psh/protein-frame-flow/pred_pkls/8c7m_C_D_B/af3_sample_94.pkl,/home/psh/protein-frame-flow/pred_samples/8c7m_C_D_B/af3_sample_94.pdb,3,heteromer,506,506,0.4723320158102767,0.05138339920948617,0.4762845849802372,3.0314342844612834
ab,24,30,50,55,97,108,142,152,168,174,207,215,af3_sample_95,/home/psh/protein-frame-flow/pred_pkls/8c7m_C_D_B/af3_sample_95.pkl,/home/psh/protein-frame-flow/pred_samples/8c7m_C_D_B/af3_sample_95.pdb,3,heteromer,506,506,0.4644268774703557,0.05138339920948617,0.4841897233201581,3.218436680892767
ab,24,30,50,55,97,108,142,152,168,174,207,215,af3_sample_96,/home/psh/protein-frame-flow/pred_pkls/8c7m_C_D_B/af3_sample_96.pkl,/home/psh/protein-frame-flow/pred_samples/8c7m_C_D_B/af3_sample_96.pdb,3,heteromer,506,506,0.45849802371541504,0.05138339920948617,0.4901185770750988,3.2056773962958016
ab,24,30,50,55,97,108,142,152,168,174,207,215,af3_sample_97,/home/psh/protein-frame-flow/pred_pkls/8c7m_C_D_B/af3_sample_97.pkl,/home/psh/protein-frame-flow/pred_samples/8c7m_C_D_B/af3_sample_97.pdb,3,heteromer,506,506,0.4723320158102767,0.05138339920948617,0.4762845849802372,3.012622253803709
ab,24,30,50,55,97,108,142,152,168,174,207,215,af3_sample_98,/home/psh/protein-frame-flow/pred_pkls/8c7m_C_D_B/af3_sample_98.pkl,/home/psh/protein-frame-flow/pred_samples/8c7m_C_D_B/af3_sample_98.pdb,3,heteromer,506,506,0.45849802371541504,0.05138339920948617,0.4901185770750988,3.197898346992171
ab,24,30,50,55,97,108,142,152,168,174,207,215,af3_sample_99,/home/psh/protein-frame-flow/pred_pkls/8c7m_C_D_B/af3_sample_99.pkl,/home/psh/protein-frame-flow/pred_samples/8c7m_C_D_B/af3_sample_99.pdb,3,heteromer,506,506,0.45849802371541504,0.05138339920948617,0.4901185770750988,3.2341846613385017
ab,24,30,50,55,97,108,142,152,168,174,207,215,my_sample_0,/home/psh/protein-frame-flow/pred_pkls/8c7m_C_D_B/my_sample_0.pkl,/home/psh/protein-frame-flow/pred_samples/8c7m_C_D_B/my_sample_0.pdb,3,heteromer,506,506,0.4624505928853755,0.05138339920948617,0.48616600790513836,3.1039848417190634
ab,24,30,50,55,97,108,142,152,168,174,207,215,my_sample_1,/home/psh/protein-frame-flow/pred_pkls/8c7m_C_D_B/my_sample_1.pkl,/home/psh/protein-frame-flow/pred_samples/8c7m_C_D_B/my_sample_1.pdb,3,heteromer,506,506,0.4624505928853755,0.05138339920948617,0.48616600790513836,3.103877697282687
ab,24,30,50,55,97,108,142,152,168,174,207,215,my_sample_2,/home/psh/protein-frame-flow/pred_pkls/8c7m_C_D_B/my_sample_2.pkl,/home/psh/protein-frame-flow/pred_samples/8c7m_C_D_B/my_sample_2.pdb,3,heteromer,506,506,0.4624505928853755,0.05138339920948617,0.48616600790513836,3.1038613884278576
ab,24,30,50,55,97,108,142,152,168,174,207,215,my_sample_3,/home/psh/protein-frame-flow/pred_pkls/8c7m_C_D_B/my_sample_3.pkl,/home/psh/protein-frame-flow/pred_samples/8c7m_C_D_B/my_sample_3.pdb,3,heteromer,506,506,0.4624505928853755,0.05138339920948617,0.48616600790513836,3.103676647095584
ab,24,30,50,55,97,108,142,152,168,174,207,215,my_sample_4,/home/psh/protein-frame-flow/pred_pkls/8c7m_C_D_B/my_sample_4.pkl,/home/psh/protein-frame-flow/pred_samples/8c7m_C_D_B/my_sample_4.pdb,3,heteromer,506,506,0.4624505928853755,0.05138339920948617,0.48616600790513836,3.1023861349281043
ab,24,30,50,55,97,108,142,152,168,174,207,215,my_sample_5,/home/psh/protein-frame-flow/pred_pkls/8c7m_C_D_B/my_sample_5.pkl,/home/psh/protein-frame-flow/pred_samples/8c7m_C_D_B/my_sample_5.pdb,3,heteromer,506,506,0.4644268774703557,0.05138339920948617,0.4841897233201581,3.1032358246600413
ab,24,30,50,55,97,108,142,152,168,174,207,215,my_sample_6,/home/psh/protein-frame-flow/pred_pkls/8c7m_C_D_B/my_sample_6.pkl,/home/psh/protein-frame-flow/pred_samples/8c7m_C_D_B/my_sample_6.pdb,3,heteromer,506,506,0.4624505928853755,0.05138339920948617,0.48616600790513836,3.102860556220548
ab,24,30,50,55,97,108,142,152,168,174,207,215,my_sample_7,/home/psh/protein-frame-flow/pred_pkls/8c7m_C_D_B/my_sample_7.pkl,/home/psh/protein-frame-flow/pred_samples/8c7m_C_D_B/my_sample_7.pdb,3,heteromer,506,506,0.4624505928853755,0.05138339920948617,0.48616600790513836,3.103962261574469
ab,24,30,50,55,97,108,142,152,168,174,207,215,my_sample_8,/home/psh/protein-frame-flow/pred_pkls/8c7m_C_D_B/my_sample_8.pkl,/home/psh/protein-frame-flow/pred_samples/8c7m_C_D_B/my_sample_8.pdb,3,heteromer,506,506,0.4624505928853755,0.05138339920948617,0.48616600790513836,3.1025369124343882
ab,24,30,50,55,97,108,142,152,168,174,207,215,my_sample_9,/home/psh/protein-frame-flow/pred_pkls/8c7m_C_D_B/my_sample_9.pkl,/home/psh/protein-frame-flow/pred_samples/8c7m_C_D_B/my_sample_9.pdb,3,heteromer,506,506,0.4624505928853755,0.05138339920948617,0.48616600790513836,3.103175684181459
ab,24,30,50,55,97,108,142,152,168,174,207,215,my_sample_10,/home/psh/protein-frame-flow/pred_pkls/8c7m_C_D_B/my_sample_10.pkl,/home/psh/protein-frame-flow/pred_samples/8c7m_C_D_B/my_sample_10.pdb,3,heteromer,506,506,0.4624505928853755,0.05138339920948617,0.48616600790513836,3.1024509992034046
ab,24,30,50,55,97,108,142,152,168,174,207,215,my_sample_11,/home/psh/protein-frame-flow/pred_pkls/8c7m_C_D_B/my_sample_11.pkl,/home/psh/protein-frame-flow/pred_samples/8c7m_C_D_B/my_sample_11.pdb,3,heteromer,506,506,0.4624505928853755,0.05138339920948617,0.48616600790513836,3.1032902206408792
ab,24,30,50,55,97,108,142,152,168,174,207,215,my_sample_12,/home/psh/protein-frame-flow/pred_pkls/8c7m_C_D_B/my_sample_12.pkl,/home/psh/protein-frame-flow/pred_samples/8c7m_C_D_B/my_sample_12.pdb,3,heteromer,506,506,0.4624505928853755,0.05138339920948617,0.48616600790513836,3.1035922641652927
ab,24,30,50,55,97,108,142,152,168,174,207,215,my_sample_13,/home/psh/protein-frame-flow/pred_pkls/8c7m_C_D_B/my_sample_13.pkl,/home/psh/protein-frame-flow/pred_samples/8c7m_C_D_B/my_sample_13.pdb,3,heteromer,506,506,0.4624505928853755,0.05138339920948617,0.48616600790513836,3.103653952145888
ab,24,30,50,55,97,108,142,152,168,174,207,215,my_sample_14,/home/psh/protein-frame-flow/pred_pkls/8c7m_C_D_B/my_sample_14.pkl,/home/psh/protein-frame-flow/pred_samples/8c7m_C_D_B/my_sample_14.pdb,3,heteromer,506,506,0.4624505928853755,0.05138339920948617,0.48616600790513836,3.1032155526303757
ab,24,30,50,55,97,108,142,152,168,174,207,215,my_sample_15,/home/psh/protein-frame-flow/pred_pkls/8c7m_C_D_B/my_sample_15.pkl,/home/psh/protein-frame-flow/pred_samples/8c7m_C_D_B/my_sample_15.pdb,3,heteromer,506,506,0.4525691699604743,0.05138339920948617,0.49604743083003955,3.1028528326486837
ab,24,30,50,55,97,108,142,152,168,174,207,215,my_sample_16,/home/psh/protein-frame-flow/pred_pkls/8c7m_C_D_B/my_sample_16.pkl,/home/psh/protein-frame-flow/pred_samples/8c7m_C_D_B/my_sample_16.pdb,3,heteromer,506,506,0.4624505928853755,0.05138339920948617,0.48616600790513836,3.103815706242108
ab,24,30,50,55,97,108,142,152,168,174,207,215,my_sample_17,/home/psh/protein-frame-flow/pred_pkls/8c7m_C_D_B/my_sample_17.pkl,/home/psh/protein-frame-flow/pred_samples/8c7m_C_D_B/my_sample_17.pdb,3,heteromer,506,506,0.46047430830039526,0.05138339920948617,0.4881422924901186,3.1036316815625464
ab,24,30,50,55,97,108,142,152,168,174,207,215,my_sample_18,/home/psh/protein-frame-flow/pred_pkls/8c7m_C_D_B/my_sample_18.pkl,/home/psh/protein-frame-flow/pred_samples/8c7m_C_D_B/my_sample_18.pdb,3,heteromer,506,506,0.4644268774703557,0.05138339920948617,0.4841897233201581,3.10347142821797
ab,24,30,50,55,97,108,142,152,168,174,207,215,my_sample_19,/home/psh/protein-frame-flow/pred_pkls/8c7m_C_D_B/my_sample_19.pkl,/home/psh/protein-frame-flow/pred_samples/8c7m_C_D_B/my_sample_19.pdb,3,heteromer,506,506,0.4624505928853755,0.05138339920948617,0.48616600790513836,3.102265070179555
ab,24,30,50,55,97,108,142,152,168,174,207,215,my_sample_20,/home/psh/protein-frame-flow/pred_pkls/8c7m_C_D_B/my_sample_20.pkl,/home/psh/protein-frame-flow/pred_samples/8c7m_C_D_B/my_sample_20.pdb,3,heteromer,506,506,0.4624505928853755,0.05138339920948617,0.48616600790513836,3.103866674010933
ab,24,30,50,55,97,108,142,152,168,174,207,215,my_sample_21,/home/psh/protein-frame-flow/pred_pkls/8c7m_C_D_B/my_sample_21.pkl,/home/psh/protein-frame-flow/pred_samples/8c7m_C_D_B/my_sample_21.pdb,3,heteromer,506,506,0.4644268774703557,0.05138339920948617,0.4841897233201581,3.102739552688355
ab,24,30,50,55,97,108,142,152,168,174,207,215,my_sample_22,/home/psh/protein-frame-flow/pred_pkls/8c7m_C_D_B/my_sample_22.pkl,/home/psh/protein-frame-flow/pred_samples/8c7m_C_D_B/my_sample_22.pdb,3,heteromer,506,506,0.4624505928853755,0.05138339920948617,0.48616600790513836,3.1039849100570427
ab,24,30,50,55,97,108,142,152,168,174,207,215,my_sample_23,/home/psh/protein-frame-flow/pred_pkls/8c7m_C_D_B/my_sample_23.pkl,/home/psh/protein-frame-flow/pred_samples/8c7m_C_D_B/my_sample_23.pdb,3,heteromer,506,506,0.4624505928853755,0.05138339920948617,0.48616600790513836,3.103165261480875
ab,24,30,50,55,97,108,142,152,168,174,207,215,my_sample_24,/home/psh/protein-frame-flow/pred_pkls/8c7m_C_D_B/my_sample_24.pkl,/home/psh/protein-frame-flow/pred_samples/8c7m_C_D_B/my_sample_24.pdb,3,heteromer,506,506,0.4624505928853755,0.05138339920948617,0.48616600790513836,3.1032303266104564
ab,24,30,50,55,97,108,142,152,168,174,207,215,my_sample_25,/home/psh/protein-frame-flow/pred_pkls/8c7m_C_D_B/my_sample_25.pkl,/home/psh/protein-frame-flow/pred_samples/8c7m_C_D_B/my_sample_25.pdb,3,heteromer,506,506,0.4624505928853755,0.05138339920948617,0.48616600790513836,3.103242860790743
ab,24,30,50,55,97,108,142,152,168,174,207,215,my_sample_26,/home/psh/protein-frame-flow/pred_pkls/8c7m_C_D_B/my_sample_26.pkl,/home/psh/protein-frame-flow/pred_samples/8c7m_C_D_B/my_sample_26.pdb,3,heteromer,506,506,0.4644268774703557,0.05138339920948617,0.4841897233201581,3.103919610625623
ab,24,30,50,55,97,108,142,152,168,174,207,215,my_sample_27,/home/psh/protein-frame-flow/pred_pkls/8c7m_C_D_B/my_sample_27.pkl,/home/psh/protein-frame-flow/pred_samples/8c7m_C_D_B/my_sample_27.pdb,3,heteromer,506,506,0.4624505928853755,0.05138339920948617,0.48616600790513836,3.10322336823562
ab,24,30,50,55,97,108,142,152,168,174,207,215,my_sample_28,/home/psh/protein-frame-flow/pred_pkls/8c7m_C_D_B/my_sample_28.pkl,/home/psh/protein-frame-flow/pred_samples/8c7m_C_D_B/my_sample_28.pdb,3,heteromer,506,506,0.4624505928853755,0.05138339920948617,0.48616600790513836,3.1035436258438174
ab,24,30,50,55,97,108,142,152,168,174,207,215,my_sample_29,/home/psh/protein-frame-flow/pred_pkls/8c7m_C_D_B/my_sample_29.pkl,/home/psh/protein-frame-flow/pred_samples/8c7m_C_D_B/my_sample_29.pdb,3,heteromer,506,506,0.4624505928853755,0.05138339920948617,0.48616600790513836,3.1033362809078957
ab,24,30,50,55,97,108,142,152,168,174,207,215,my_sample_30,/home/psh/protein-frame-flow/pred_pkls/8c7m_C_D_B/my_sample_30.pkl,/home/psh/protein-frame-flow/pred_samples/8c7m_C_D_B/my_sample_30.pdb,3,heteromer,506,506,0.4624505928853755,0.05138339920948617,0.48616600790513836,3.1025251404369967
ab,24,30,50,55,97,108,142,152,168,174,207,215,my_sample_31,/home/psh/protein-frame-flow/pred_pkls/8c7m_C_D_B/my_sample_31.pkl,/home/psh/protein-frame-flow/pred_samples/8c7m_C_D_B/my_sample_31.pdb,3,heteromer,506,506,0.4624505928853755,0.05138339920948617,0.48616600790513836,3.103849058779877
ab,24,30,50,55,97,108,142,152,168,174,207,215,my_sample_32,/home/psh/protein-frame-flow/pred_pkls/8c7m_C_D_B/my_sample_32.pkl,/home/psh/protein-frame-flow/pred_samples/8c7m_C_D_B/my_sample_32.pdb,3,heteromer,506,506,0.4644268774703557,0.05138339920948617,0.4841897233201581,3.102765263805464
ab,24,30,50,55,97,108,142,152,168,174,207,215,my_sample_33,/home/psh/protein-frame-flow/pred_pkls/8c7m_C_D_B/my_sample_33.pkl,/home/psh/protein-frame-flow/pred_samples/8c7m_C_D_B/my_sample_33.pdb,3,heteromer,506,506,0.4624505928853755,0.05138339920948617,0.48616600790513836,3.104851619964144
ab,24,30,50,55,97,108,142,152,168,174,207,215,my_sample_34,/home/psh/protein-frame-flow/pred_pkls/8c7m_C_D_B/my_sample_34.pkl,/home/psh/protein-frame-flow/pred_samples/8c7m_C_D_B/my_sample_34.pdb,3,heteromer,506,506,0.4624505928853755,0.05138339920948617,0.48616600790513836,3.1035699958198717
ab,24,30,50,55,97,108,142,152,168,174,207,215,my_sample_35,/home/psh/protein-frame-flow/pred_pkls/8c7m_C_D_B/my_sample_35.pkl,/home/psh/protein-frame-flow/pred_samples/8c7m_C_D_B/my_sample_35.pdb,3,heteromer,506,506,0.4624505928853755,0.05138339920948617,0.48616600790513836,3.102507859576581
ab,24,30,50,55,97,108,142,152,168,174,207,215,my_sample_36,/home/psh/protein-frame-flow/pred_pkls/8c7m_C_D_B/my_sample_36.pkl,/home/psh/protein-frame-flow/pred_samples/8c7m_C_D_B/my_sample_36.pdb,3,heteromer,506,506,0.4624505928853755,0.05138339920948617,0.48616600790513836,3.1032813706685656
ab,24,30,50,55,97,108,142,152,168,174,207,215,my_sample_37,/home/psh/protein-frame-flow/pred_pkls/8c7m_C_D_B/my_sample_37.pkl,/home/psh/protein-frame-flow/pred_samples/8c7m_C_D_B/my_sample_37.pdb,3,heteromer,506,506,0.4624505928853755,0.05138339920948617,0.48616600790513836,3.1035953305286257
ab,24,30,50,55,97,108,142,152,168,174,207,215,my_sample_38,/home/psh/protein-frame-flow/pred_pkls/8c7m_C_D_B/my_sample_38.pkl,/home/psh/protein-frame-flow/pred_samples/8c7m_C_D_B/my_sample_38.pdb,3,heteromer,506,506,0.4624505928853755,0.05138339920948617,0.48616600790513836,3.103511723777753
ab,24,30,50,55,97,108,142,152,168,174,207,215,my_sample_39,/home/psh/protein-frame-flow/pred_pkls/8c7m_C_D_B/my_sample_39.pkl,/home/psh/protein-frame-flow/pred_samples/8c7m_C_D_B/my_sample_39.pdb,3,heteromer,506,506,0.4624505928853755,0.05138339920948617,0.48616600790513836,3.103564025100813
ab,24,30,50,55,97,108,142,152,168,174,207,215,my_sample_40,/home/psh/protein-frame-flow/pred_pkls/8c7m_C_D_B/my_sample_40.pkl,/home/psh/protein-frame-flow/pred_samples/8c7m_C_D_B/my_sample_40.pdb,3,heteromer,506,506,0.4624505928853755,0.05138339920948617,0.48616600790513836,3.1025847792973567
ab,24,30,50,55,97,108,142,152,168,174,207,215,my_sample_41,/home/psh/protein-frame-flow/pred_pkls/8c7m_C_D_B/my_sample_41.pkl,/home/psh/protein-frame-flow/pred_samples/8c7m_C_D_B/my_sample_41.pdb,3,heteromer,506,506,0.4624505928853755,0.05138339920948617,0.48616600790513836,3.103364744971878
ab,24,30,50,55,97,108,142,152,168,174,207,215,my_sample_42,/home/psh/protein-frame-flow/pred_pkls/8c7m_C_D_B/my_sample_42.pkl,/home/psh/protein-frame-flow/pred_samples/8c7m_C_D_B/my_sample_42.pdb,3,heteromer,506,506,0.4624505928853755,0.05138339920948617,0.48616600790513836,3.1029171657997336
ab,24,30,50,55,97,108,142,152,168,174,207,215,my_sample_43,/home/psh/protein-frame-flow/pred_pkls/8c7m_C_D_B/my_sample_43.pkl,/home/psh/protein-frame-flow/pred_samples/8c7m_C_D_B/my_sample_43.pdb,3,heteromer,506,506,0.4644268774703557,0.05138339920948617,0.4841897233201581,3.1033297192874945
ab,24,30,50,55,97,108,142,152,168,174,207,215,my_sample_44,/home/psh/protein-frame-flow/pred_pkls/8c7m_C_D_B/my_sample_44.pkl,/home/psh/protein-frame-flow/pred_samples/8c7m_C_D_B/my_sample_44.pdb,3,heteromer,506,506,0.4644268774703557,0.05138339920948617,0.4841897233201581,3.104332567289764
ab,24,30,50,55,97,108,142,152,168,174,207,215,my_sample_45,/home/psh/protein-frame-flow/pred_pkls/8c7m_C_D_B/my_sample_45.pkl,/home/psh/protein-frame-flow/pred_samples/8c7m_C_D_B/my_sample_45.pdb,3,heteromer,506,506,0.4624505928853755,0.05138339920948617,0.48616600790513836,3.1026635804014124
ab,24,30,50,55,97,108,142,152,168,174,207,215,my_sample_46,/home/psh/protein-frame-flow/pred_pkls/8c7m_C_D_B/my_sample_46.pkl,/home/psh/protein-frame-flow/pred_samples/8c7m_C_D_B/my_sample_46.pdb,3,heteromer,506,506,0.4624505928853755,0.05138339920948617,0.48616600790513836,3.1040099641704697
ab,24,30,50,55,97,108,142,152,168,174,207,215,my_sample_47,/home/psh/protein-frame-flow/pred_pkls/8c7m_C_D_B/my_sample_47.pkl,/home/psh/protein-frame-flow/pred_samples/8c7m_C_D_B/my_sample_47.pdb,3,heteromer,506,506,0.4644268774703557,0.05138339920948617,0.4841897233201581,3.1029822570341112
ab,24,30,50,55,97,108,142,152,168,174,207,215,my_sample_48,/home/psh/protein-frame-flow/pred_pkls/8c7m_C_D_B/my_sample_48.pkl,/home/psh/protein-frame-flow/pred_samples/8c7m_C_D_B/my_sample_48.pdb,3,heteromer,506,506,0.4624505928853755,0.05138339920948617,0.48616600790513836,3.1034337298140717
ab,24,30,50,55,97,108,142,152,168,174,207,215,my_sample_49,/home/psh/protein-frame-flow/pred_pkls/8c7m_C_D_B/my_sample_49.pkl,/home/psh/protein-frame-flow/pred_samples/8c7m_C_D_B/my_sample_49.pdb,3,heteromer,506,506,0.4624505928853755,0.05138339920948617,0.48616600790513836,3.1019743121160332
ab,24,30,50,55,97,108,142,152,168,174,207,215,my_sample_50,/home/psh/protein-frame-flow/pred_pkls/8c7m_C_D_B/my_sample_50.pkl,/home/psh/protein-frame-flow/pred_samples/8c7m_C_D_B/my_sample_50.pdb,3,heteromer,506,506,0.4624505928853755,0.05138339920948617,0.48616600790513836,3.1039245075034665
ab,24,30,50,55,97,108,142,152,168,174,207,215,my_sample_51,/home/psh/protein-frame-flow/pred_pkls/8c7m_C_D_B/my_sample_51.pkl,/home/psh/protein-frame-flow/pred_samples/8c7m_C_D_B/my_sample_51.pdb,3,heteromer,506,506,0.4624505928853755,0.05138339920948617,0.48616600790513836,3.1035486743496166
ab,24,30,50,55,97,108,142,152,168,174,207,215,my_sample_52,/home/psh/protein-frame-flow/pred_pkls/8c7m_C_D_B/my_sample_52.pkl,/home/psh/protein-frame-flow/pred_samples/8c7m_C_D_B/my_sample_52.pdb,3,heteromer,506,506,0.4624505928853755,0.05138339920948617,0.48616600790513836,3.1040115272359263
ab,24,30,50,55,97,108,142,152,168,174,207,215,my_sample_53,/home/psh/protein-frame-flow/pred_pkls/8c7m_C_D_B/my_sample_53.pkl,/home/psh/protein-frame-flow/pred_samples/8c7m_C_D_B/my_sample_53.pdb,3,heteromer,506,506,0.4624505928853755,0.05138339920948617,0.48616600790513836,3.1027675508965844
ab,24,30,50,55,97,108,142,152,168,174,207,215,my_sample_54,/home/psh/protein-frame-flow/pred_pkls/8c7m_C_D_B/my_sample_54.pkl,/home/psh/protein-frame-flow/pred_samples/8c7m_C_D_B/my_sample_54.pdb,3,heteromer,506,506,0.4624505928853755,0.05138339920948617,0.48616600790513836,3.1034220889039417
ab,24,30,50,55,97,108,142,152,168,174,207,215,my_sample_55,/home/psh/protein-frame-flow/pred_pkls/8c7m_C_D_B/my_sample_55.pkl,/home/psh/protein-frame-flow/pred_samples/8c7m_C_D_B/my_sample_55.pdb,3,heteromer,506,506,0.4624505928853755,0.05138339920948617,0.48616600790513836,3.10328751236271
ab,24,30,50,55,97,108,142,152,168,174,207,215,my_sample_56,/home/psh/protein-frame-flow/pred_pkls/8c7m_C_D_B/my_sample_56.pkl,/home/psh/protein-frame-flow/pred_samples/8c7m_C_D_B/my_sample_56.pdb,3,heteromer,506,506,0.4624505928853755,0.05138339920948617,0.48616600790513836,3.1031756128627705
ab,24,30,50,55,97,108,142,152,168,174,207,215,my_sample_57,/home/psh/protein-frame-flow/pred_pkls/8c7m_C_D_B/my_sample_57.pkl,/home/psh/protein-frame-flow/pred_samples/8c7m_C_D_B/my_sample_57.pdb,3,heteromer,506,506,0.4624505928853755,0.05138339920948617,0.48616600790513836,3.1026344004730775
ab,24,30,50,55,97,108,142,152,168,174,207,215,my_sample_58,/home/psh/protein-frame-flow/pred_pkls/8c7m_C_D_B/my_sample_58.pkl,/home/psh/protein-frame-flow/pred_samples/8c7m_C_D_B/my_sample_58.pdb,3,heteromer,506,506,0.4624505928853755,0.05138339920948617,0.48616600790513836,3.103537792136515
ab,24,30,50,55,97,108,142,152,168,174,207,215,my_sample_59,/home/psh/protein-frame-flow/pred_pkls/8c7m_C_D_B/my_sample_59.pkl,/home/psh/protein-frame-flow/pred_samples/8c7m_C_D_B/my_sample_59.pdb,3,heteromer,506,506,0.4624505928853755,0.05138339920948617,0.48616600790513836,3.1034938078759127
ab,24,30,50,55,97,108,142,152,168,174,207,215,my_sample_60,/home/psh/protein-frame-flow/pred_pkls/8c7m_C_D_B/my_sample_60.pkl,/home/psh/protein-frame-flow/pred_samples/8c7m_C_D_B/my_sample_60.pdb,3,heteromer,506,506,0.4624505928853755,0.05138339920948617,0.48616600790513836,3.1029776466605736
ab,24,30,50,55,97,108,142,152,168,174,207,215,my_sample_61,/home/psh/protein-frame-flow/pred_pkls/8c7m_C_D_B/my_sample_61.pkl,/home/psh/protein-frame-flow/pred_samples/8c7m_C_D_B/my_sample_61.pdb,3,heteromer,506,506,0.4624505928853755,0.05138339920948617,0.48616600790513836,3.103822610190508
ab,24,30,50,55,97,108,142,152,168,174,207,215,my_sample_62,/home/psh/protein-frame-flow/pred_pkls/8c7m_C_D_B/my_sample_62.pkl,/home/psh/protein-frame-flow/pred_samples/8c7m_C_D_B/my_sample_62.pdb,3,heteromer,506,506,0.4624505928853755,0.05138339920948617,0.48616600790513836,3.1039903892903453
ab,24,30,50,55,97,108,142,152,168,174,207,215,my_sample_63,/home/psh/protein-frame-flow/pred_pkls/8c7m_C_D_B/my_sample_63.pkl,/home/psh/protein-frame-flow/pred_samples/8c7m_C_D_B/my_sample_63.pdb,3,heteromer,506,506,0.4624505928853755,0.05138339920948617,0.48616600790513836,3.1046541721627743
ab,24,30,50,55,97,108,142,152,168,174,207,215,my_sample_64,/home/psh/protein-frame-flow/pred_pkls/8c7m_C_D_B/my_sample_64.pkl,/home/psh/protein-frame-flow/pred_samples/8c7m_C_D_B/my_sample_64.pdb,3,heteromer,506,506,0.4624505928853755,0.05138339920948617,0.48616600790513836,3.1034488679767507
ab,24,30,50,55,97,108,142,152,168,174,207,215,my_sample_65,/home/psh/protein-frame-flow/pred_pkls/8c7m_C_D_B/my_sample_65.pkl,/home/psh/protein-frame-flow/pred_samples/8c7m_C_D_B/my_sample_65.pdb,3,heteromer,506,506,0.4624505928853755,0.05138339920948617,0.48616600790513836,3.1031902073315205
ab,24,30,50,55,97,108,142,152,168,174,207,215,my_sample_66,/home/psh/protein-frame-flow/pred_pkls/8c7m_C_D_B/my_sample_66.pkl,/home/psh/protein-frame-flow/pred_samples/8c7m_C_D_B/my_sample_66.pdb,3,heteromer,506,506,0.4624505928853755,0.05138339920948617,0.48616600790513836,3.103650673464283
ab,24,30,50,55,97,108,142,152,168,174,207,215,my_sample_67,/home/psh/protein-frame-flow/pred_pkls/8c7m_C_D_B/my_sample_67.pkl,/home/psh/protein-frame-flow/pred_samples/8c7m_C_D_B/my_sample_67.pdb,3,heteromer,506,506,0.4624505928853755,0.05138339920948617,0.48616600790513836,3.102826091849799
ab,24,30,50,55,97,108,142,152,168,174,207,215,my_sample_68,/home/psh/protein-frame-flow/pred_pkls/8c7m_C_D_B/my_sample_68.pkl,/home/psh/protein-frame-flow/pred_samples/8c7m_C_D_B/my_sample_68.pdb,3,heteromer,506,506,0.4624505928853755,0.05138339920948617,0.48616600790513836,3.1033643702525726
ab,24,30,50,55,97,108,142,152,168,174,207,215,my_sample_69,/home/psh/protein-frame-flow/pred_pkls/8c7m_C_D_B/my_sample_69.pkl,/home/psh/protein-frame-flow/pred_samples/8c7m_C_D_B/my_sample_69.pdb,3,heteromer,506,506,0.4624505928853755,0.05138339920948617,0.48616600790513836,3.1031864626850387
ab,24,30,50,55,97,108,142,152,168,174,207,215,my_sample_70,/home/psh/protein-frame-flow/pred_pkls/8c7m_C_D_B/my_sample_70.pkl,/home/psh/protein-frame-flow/pred_samples/8c7m_C_D_B/my_sample_70.pdb,3,heteromer,506,506,0.4624505928853755,0.05138339920948617,0.48616600790513836,3.1033269375664783
ab,24,30,50,55,97,108,142,152,168,174,207,215,my_sample_71,/home/psh/protein-frame-flow/pred_pkls/8c7m_C_D_B/my_sample_71.pkl,/home/psh/protein-frame-flow/pred_samples/8c7m_C_D_B/my_sample_71.pdb,3,heteromer,506,506,0.4624505928853755,0.05138339920948617,0.48616600790513836,3.1037288912714724
ab,24,30,50,55,97,108,142,152,168,174,207,215,my_sample_72,/home/psh/protein-frame-flow/pred_pkls/8c7m_C_D_B/my_sample_72.pkl,/home/psh/protein-frame-flow/pred_samples/8c7m_C_D_B/my_sample_72.pdb,3,heteromer,506,506,0.4624505928853755,0.05138339920948617,0.48616600790513836,3.103593820828616
ab,24,30,50,55,97,108,142,152,168,174,207,215,my_sample_73,/home/psh/protein-frame-flow/pred_pkls/8c7m_C_D_B/my_sample_73.pkl,/home/psh/protein-frame-flow/pred_samples/8c7m_C_D_B/my_sample_73.pdb,3,heteromer,506,506,0.4624505928853755,0.05138339920948617,0.48616600790513836,3.1032368605694014
ab,24,30,50,55,97,108,142,152,168,174,207,215,my_sample_74,/home/psh/protein-frame-flow/pred_pkls/8c7m_C_D_B/my_sample_74.pkl,/home/psh/protein-frame-flow/pred_samples/8c7m_C_D_B/my_sample_74.pdb,3,heteromer,506,506,0.4624505928853755,0.05138339920948617,0.48616600790513836,3.1033906909425615
ab,24,30,50,55,97,108,142,152,168,174,207,215,my_sample_75,/home/psh/protein-frame-flow/pred_pkls/8c7m_C_D_B/my_sample_75.pkl,/home/psh/protein-frame-flow/pred_samples/8c7m_C_D_B/my_sample_75.pdb,3,heteromer,506,506,0.4624505928853755,0.05138339920948617,0.48616600790513836,3.103607260790694
ab,24,30,50,55,97,108,142,152,168,174,207,215,my_sample_76,/home/psh/protein-frame-flow/pred_pkls/8c7m_C_D_B/my_sample_76.pkl,/home/psh/protein-frame-flow/pred_samples/8c7m_C_D_B/my_sample_76.pdb,3,heteromer,506,506,0.4624505928853755,0.05138339920948617,0.48616600790513836,3.1030807314771773
ab,24,30,50,55,97,108,142,152,168,174,207,215,my_sample_77,/home/psh/protein-frame-flow/pred_pkls/8c7m_C_D_B/my_sample_77.pkl,/home/psh/protein-frame-flow/pred_samples/8c7m_C_D_B/my_sample_77.pdb,3,heteromer,506,506,0.4624505928853755,0.05138339920948617,0.48616600790513836,3.1031062829074063
ab,24,30,50,55,97,108,142,152,168,174,207,215,my_sample_78,/home/psh/protein-frame-flow/pred_pkls/8c7m_C_D_B/my_sample_78.pkl,/home/psh/protein-frame-flow/pred_samples/8c7m_C_D_B/my_sample_78.pdb,3,heteromer,506,506,0.4624505928853755,0.05138339920948617,0.48616600790513836,3.1027672743484374
ab,24,30,50,55,97,108,142,152,168,174,207,215,my_sample_79,/home/psh/protein-frame-flow/pred_pkls/8c7m_C_D_B/my_sample_79.pkl,/home/psh/protein-frame-flow/pred_samples/8c7m_C_D_B/my_sample_79.pdb,3,heteromer,506,506,0.4624505928853755,0.05138339920948617,0.48616600790513836,3.1028033870125307
ab,24,30,50,55,97,108,142,152,168,174,207,215,my_sample_80,/home/psh/protein-frame-flow/pred_pkls/8c7m_C_D_B/my_sample_80.pkl,/home/psh/protein-frame-flow/pred_samples/8c7m_C_D_B/my_sample_80.pdb,3,heteromer,506,506,0.4624505928853755,0.05138339920948617,0.48616600790513836,3.1026599440362506
ab,24,30,50,55,97,108,142,152,168,174,207,215,my_sample_81,/home/psh/protein-frame-flow/pred_pkls/8c7m_C_D_B/my_sample_81.pkl,/home/psh/protein-frame-flow/pred_samples/8c7m_C_D_B/my_sample_81.pdb,3,heteromer,506,506,0.4624505928853755,0.05138339920948617,0.48616600790513836,3.103330291390978
ab,24,30,50,55,97,108,142,152,168,174,207,215,my_sample_82,/home/psh/protein-frame-flow/pred_pkls/8c7m_C_D_B/my_sample_82.pkl,/home/psh/protein-frame-flow/pred_samples/8c7m_C_D_B/my_sample_82.pdb,3,heteromer,506,506,0.4624505928853755,0.05138339920948617,0.48616600790513836,3.1034531236960308
ab,24,30,50,55,97,108,142,152,168,174,207,215,my_sample_83,/home/psh/protein-frame-flow/pred_pkls/8c7m_C_D_B/my_sample_83.pkl,/home/psh/protein-frame-flow/pred_samples/8c7m_C_D_B/my_sample_83.pdb,3,heteromer,506,506,0.4624505928853755,0.05138339920948617,0.48616600790513836,3.1029329736783886
ab,24,30,50,55,97,108,142,152,168,174,207,215,my_sample_84,/home/psh/protein-frame-flow/pred_pkls/8c7m_C_D_B/my_sample_84.pkl,/home/psh/protein-frame-flow/pred_samples/8c7m_C_D_B/my_sample_84.pdb,3,heteromer,506,506,0.4624505928853755,0.05138339920948617,0.48616600790513836,3.1035863201533895
ab,24,30,50,55,97,108,142,152,168,174,207,215,my_sample_85,/home/psh/protein-frame-flow/pred_pkls/8c7m_C_D_B/my_sample_85.pkl,/home/psh/protein-frame-flow/pred_samples/8c7m_C_D_B/my_sample_85.pdb,3,heteromer,506,506,0.4624505928853755,0.05138339920948617,0.48616600790513836,3.103163400546645
ab,24,30,50,55,97,108,142,152,168,174,207,215,my_sample_86,/home/psh/protein-frame-flow/pred_pkls/8c7m_C_D_B/my_sample_86.pkl,/home/psh/protein-frame-flow/pred_samples/8c7m_C_D_B/my_sample_86.pdb,3,heteromer,506,506,0.4624505928853755,0.05138339920948617,0.48616600790513836,3.1029428881958476
ab,24,30,50,55,97,108,142,152,168,174,207,215,my_sample_87,/home/psh/protein-frame-flow/pred_pkls/8c7m_C_D_B/my_sample_87.pkl,/home/psh/protein-frame-flow/pred_samples/8c7m_C_D_B/my_sample_87.pdb,3,heteromer,506,506,0.4624505928853755,0.05138339920948617,0.48616600790513836,3.10405952555138
ab,24,30,50,55,97,108,142,152,168,174,207,215,my_sample_88,/home/psh/protein-frame-flow/pred_pkls/8c7m_C_D_B/my_sample_88.pkl,/home/psh/protein-frame-flow/pred_samples/8c7m_C_D_B/my_sample_88.pdb,3,heteromer,506,506,0.4624505928853755,0.05138339920948617,0.48616600790513836,3.103273669633653
ab,24,30,50,55,97,108,142,152,168,174,207,215,my_sample_89,/home/psh/protein-frame-flow/pred_pkls/8c7m_C_D_B/my_sample_89.pkl,/home/psh/protein-frame-flow/pred_samples/8c7m_C_D_B/my_sample_89.pdb,3,heteromer,506,506,0.4624505928853755,0.05138339920948617,0.48616600790513836,3.103404399360805
ab,24,30,50,55,97,108,142,152,168,174,207,215,my_sample_90,/home/psh/protein-frame-flow/pred_pkls/8c7m_C_D_B/my_sample_90.pkl,/home/psh/protein-frame-flow/pred_samples/8c7m_C_D_B/my_sample_90.pdb,3,heteromer,506,506,0.4624505928853755,0.05138339920948617,0.48616600790513836,3.103412500468239
ab,24,30,50,55,97,108,142,152,168,174,207,215,my_sample_91,/home/psh/protein-frame-flow/pred_pkls/8c7m_C_D_B/my_sample_91.pkl,/home/psh/protein-frame-flow/pred_samples/8c7m_C_D_B/my_sample_91.pdb,3,heteromer,506,506,0.4624505928853755,0.05138339920948617,0.48616600790513836,3.1037977302254025
ab,24,30,50,55,97,108,142,152,168,174,207,215,my_sample_92,/home/psh/protein-frame-flow/pred_pkls/8c7m_C_D_B/my_sample_92.pkl,/home/psh/protein-frame-flow/pred_samples/8c7m_C_D_B/my_sample_92.pdb,3,heteromer,506,506,0.4624505928853755,0.05138339920948617,0.48616600790513836,3.103097504917038
ab,24,30,50,55,97,108,142,152,168,174,207,215,my_sample_93,/home/psh/protein-frame-flow/pred_pkls/8c7m_C_D_B/my_sample_93.pkl,/home/psh/protein-frame-flow/pred_samples/8c7m_C_D_B/my_sample_93.pdb,3,heteromer,506,506,0.4624505928853755,0.05138339920948617,0.48616600790513836,3.102945516365976
ab,24,30,50,55,97,108,142,152,168,174,207,215,my_sample_94,/home/psh/protein-frame-flow/pred_pkls/8c7m_C_D_B/my_sample_94.pkl,/home/psh/protein-frame-flow/pred_samples/8c7m_C_D_B/my_sample_94.pdb,3,heteromer,506,506,0.45652173913043476,0.05731225296442688,0.48616600790513836,3.1022145569225112
ab,24,30,50,55,97,108,142,152,168,174,207,215,my_sample_95,/home/psh/protein-frame-flow/pred_pkls/8c7m_C_D_B/my_sample_95.pkl,/home/psh/protein-frame-flow/pred_samples/8c7m_C_D_B/my_sample_95.pdb,3,heteromer,506,506,0.4624505928853755,0.05138339920948617,0.48616600790513836,3.1034519601519013
ab,24,30,50,55,97,108,142,152,168,174,207,215,my_sample_96,/home/psh/protein-frame-flow/pred_pkls/8c7m_C_D_B/my_sample_96.pkl,/home/psh/protein-frame-flow/pred_samples/8c7m_C_D_B/my_sample_96.pdb,3,heteromer,506,506,0.4624505928853755,0.05138339920948617,0.48616600790513836,3.1039017940071782
ab,24,30,50,55,97,108,142,152,168,174,207,215,my_sample_97,/home/psh/protein-frame-flow/pred_pkls/8c7m_C_D_B/my_sample_97.pkl,/home/psh/protein-frame-flow/pred_samples/8c7m_C_D_B/my_sample_97.pdb,3,heteromer,506,506,0.4624505928853755,0.05138339920948617,0.48616600790513836,3.1033622797519285
ab,24,30,50,55,97,108,142,152,168,174,207,215,my_sample_98,/home/psh/protein-frame-flow/pred_pkls/8c7m_C_D_B/my_sample_98.pkl,/home/psh/protein-frame-flow/pred_samples/8c7m_C_D_B/my_sample_98.pdb,3,heteromer,506,506,0.4624505928853755,0.05138339920948617,0.48616600790513836,3.103595476366366
ab,24,30,50,55,97,108,142,152,168,174,207,215,my_sample_99,/home/psh/protein-frame-flow/pred_pkls/8c7m_C_D_B/my_sample_99.pkl,/home/psh/protein-frame-flow/pred_samples/8c7m_C_D_B/my_sample_99.pdb,3,heteromer,506,506,0.4644268774703557,0.05138339920948617,0.4841897233201581,3.103849570810203
